<?xml version="1.0" encoding="UTF-8"?>
<GenRun Id="impl_1" LaunchPart="xc7z010clg400-1" LaunchTime="1675103921">
  <File Type="PWROPT-DRC" Name="Top_Decoder_2_to_4_drc_pwropted.rpt"/>
  <File Type="OPT-METHODOLOGY-DRC" Name="Top_Decoder_2_to_4_methodology_drc_opted.rpt"/>
  <File Type="INIT-TIMING" Name="Top_Decoder_2_to_4_timing_summary_init.rpt"/>
  <File Type="ROUTE-PWR-RPX" Name="Top_Decoder_2_to_4_power_routed.rpx"/>
  <File Type="PA-TCL" Name="Top_Decoder_2_to_4.tcl"/>
  <File Type="OPT-HWDEF" Name="Top_Decoder_2_to_4.hwdef"/>
  <File Type="RDI-RDI" Name="Top_Decoder_2_to_4.vdi"/>
  <File Type="OPT-DCP" Name="Top_Decoder_2_to_4_opt.dcp"/>
  <File Type="OPT-DRC" Name="Top_Decoder_2_to_4_drc_opted.rpt"/>
  <File Type="OPT-TIMING" Name="Top_Decoder_2_to_4_timing_summary_opted.rpt"/>
  <File Type="PWROPT-DCP" Name="Top_Decoder_2_to_4_pwropt.dcp"/>
  <File Type="PWROPT-TIMING" Name="Top_Decoder_2_to_4_timing_summary_pwropted.rpt"/>
  <File Type="PLACE-DCP" Name="Top_Decoder_2_to_4_placed.dcp"/>
  <File Type="PLACE-IO" Name="Top_Decoder_2_to_4_io_placed.rpt"/>
  <File Type="PLACE-CLK" Name="Top_Decoder_2_to_4_clock_utilization_placed.rpt"/>
  <File Type="PLACE-UTIL" Name="Top_Decoder_2_to_4_utilization_placed.rpt"/>
  <File Type="PLACE-UTIL-PB" Name="Top_Decoder_2_to_4_utilization_placed.pb"/>
  <File Type="PLACE-CTRL" Name="Top_Decoder_2_to_4_control_sets_placed.rpt"/>
  <File Type="PLACE-SIMILARITY" Name="Top_Decoder_2_to_4_incremental_reuse_placed.rpt"/>
  <File Type="PLACE-PRE-SIMILARITY" Name="Top_Decoder_2_to_4_incremental_reuse_pre_placed.rpt"/>
  <File Type="PLACE-TIMING" Name="Top_Decoder_2_to_4_timing_summary_placed.rpt"/>
  <File Type="POSTPLACE-PWROPT-DCP" Name="Top_Decoder_2_to_4_postplace_pwropt.dcp"/>
  <File Type="POSTPLACE-PWROPT-TIMING" Name="Top_Decoder_2_to_4_timing_summary_postplace_pwropted.rpt"/>
  <File Type="PHYSOPT-DCP" Name="Top_Decoder_2_to_4_physopt.dcp"/>
  <File Type="PHYSOPT-DRC" Name="Top_Decoder_2_to_4_drc_physopted.rpt"/>
  <File Type="PHYSOPT-TIMING" Name="Top_Decoder_2_to_4_timing_summary_physopted.rpt"/>
  <File Type="ROUTE-ERROR-DCP" Name="Top_Decoder_2_to_4_routed_error.dcp"/>
  <File Type="ROUTE-DCP" Name="Top_Decoder_2_to_4_routed.dcp"/>
  <File Type="ROUTE-BLACKBOX-DCP" Name="Top_Decoder_2_to_4_routed_bb.dcp"/>
  <File Type="ROUTE-DRC" Name="Top_Decoder_2_to_4_drc_routed.rpt"/>
  <File Type="ROUTE-DRC-PB" Name="Top_Decoder_2_to_4_drc_routed.pb"/>
  <File Type="BG-BIN" Name="Top_Decoder_2_to_4.bin"/>
  <File Type="ROUTE-DRC-RPX" Name="Top_Decoder_2_to_4_drc_routed.rpx"/>
  <File Type="BG-DRC" Name="Top_Decoder_2_to_4.drc"/>
  <File Type="ROUTE-METHODOLOGY-DRC" Name="Top_Decoder_2_to_4_methodology_drc_routed.rpt"/>
  <File Type="BITSTR-MSK" Name="Top_Decoder_2_to_4.msk"/>
  <File Type="ROUTE-METHODOLOGY-DRC-RPX" Name="Top_Decoder_2_to_4_methodology_drc_routed.rpx"/>
  <File Type="BG-BGN" Name="Top_Decoder_2_to_4.bgn"/>
  <File Type="ROUTE-METHODOLOGY-DRC-PB" Name="Top_Decoder_2_to_4_methodology_drc_routed.pb"/>
  <File Type="ROUTE-PWR" Name="Top_Decoder_2_to_4_power_routed.rpt"/>
  <File Type="ROUTE-PWR-SUM" Name="Top_Decoder_2_to_4_power_summary_routed.pb"/>
  <File Type="ROUTE-STATUS" Name="Top_Decoder_2_to_4_route_status.rpt"/>
  <File Type="ROUTE-STATUS-PB" Name="Top_Decoder_2_to_4_route_status.pb"/>
  <File Type="ROUTE-TIMINGSUMMARY" Name="Top_Decoder_2_to_4_timing_summary_routed.rpt"/>
  <File Type="ROUTE-TIMING-PB" Name="Top_Decoder_2_to_4_timing_summary_routed.pb"/>
  <File Type="ROUTE-TIMING-RPX" Name="Top_Decoder_2_to_4_timing_summary_routed.rpx"/>
  <File Type="ROUTE-SIMILARITY" Name="Top_Decoder_2_to_4_incremental_reuse_routed.rpt"/>
  <File Type="ROUTE-CLK" Name="Top_Decoder_2_to_4_clock_utilization_routed.rpt"/>
  <File Type="POSTROUTE-PHYSOPT-DCP" Name="Top_Decoder_2_to_4_postroute_physopt.dcp"/>
  <File Type="POSTROUTE-PHYSOPT-BLACKBOX-DCP" Name="Top_Decoder_2_to_4_postroute_physopt_bb.dcp"/>
  <File Type="POSTROUTE-PHYSOPT-TIMING" Name="Top_Decoder_2_to_4_timing_summary_postroute_physopted.rpt"/>
  <File Type="POSTROUTE-PHYSOPT-TIMING-PB" Name="Top_Decoder_2_to_4_timing_summary_postroute_physopted.pb"/>
  <File Type="POSTROUTE-PHYSOPT-TIMING-RPX" Name="Top_Decoder_2_to_4_timing_summary_postroute_physopted.rpx"/>
  <File Type="BG-BIT" Name="Top_Decoder_2_to_4.bit"/>
  <File Type="BITSTR-RBT" Name="Top_Decoder_2_to_4.rbt"/>
  <File Type="BITSTR-NKY" Name="Top_Decoder_2_to_4.nky"/>
  <File Type="BITSTR-BMM" Name="Top_Decoder_2_to_4_bd.bmm"/>
  <File Type="BITSTR-MMI" Name="Top_Decoder_2_to_4.mmi"/>
  <File Type="BITSTR-SYSDEF" Name="Top_Decoder_2_to_4.sysdef"/>
  <File Type="WBT-USG" Name="usage_statistics_webtalk.html"/>
  <FileSet Name="sources" Type="DesignSrcs" RelSrcDir="$PSRCDIR/sources_1">
    <Filter Type="Srcs"/>
    <File Path="$PSRCDIR/sources_1/new/Decoder_2_to_4.vhd">
      <FileInfo>
        <Attr Name="UsedIn" Val="synthesis"/>
        <Attr Name="UsedIn" Val="simulation"/>
      </FileInfo>
    </File>
    <File Path="$PSRCDIR/sources_1/new/Top_Decoder_2_to_4.vhd">
      <FileInfo>
        <Attr Name="UsedIn" Val="synthesis"/>
        <Attr Name="UsedIn" Val="simulation"/>
      </FileInfo>
    </File>
    <Config>
      <Option Name="DesignMode" Val="RTL"/>
      <Option Name="TopModule" Val="Top_Decoder_2_to_4"/>
      <Option Name="TopAutoSet" Val="TRUE"/>
    </Config>
  </FileSet>
  <FileSet Name="constrs_in" Type="Constrs" RelSrcDir="$PSRCDIR/constrs_1">
    <Filter Type="Constrs"/>
    <File Path="$PSRCDIR/constrs_1/new/Zybo_board_IO_mapping.xdc">
      <FileInfo>
        <Attr Name="UsedIn" Val="synthesis"/>
        <Attr Name="UsedIn" Val="implementation"/>
      </FileInfo>
    </File>
    <Config>
      <Option Name="ConstrsType" Val="XDC"/>
    </Config>
  </FileSet>
  <Strategy Version="1" Minor="2">
    <StratHandle Name="Vivado Implementation Defaults" Flow="Vivado Implementation 2016">
      <Desc>Default settings for Implementation.</Desc>
    </StratHandle>
    <Step Id="init_design"/>
    <Step Id="opt_design"/>
    <Step Id="power_opt_design"/>
    <Step Id="place_design"/>
    <Step Id="post_place_power_opt_design"/>
    <Step Id="phys_opt_design"/>
    <Step Id="route_design"/>
    <Step Id="post_route_phys_opt_design"/>
    <Step Id="write_bitstream"/>
  </Strategy>
</GenRun>
