<?xml version="1.0" encoding="UTF-8"?>
<GenRun Id="impl_1" LaunchPart="xc7z020clg484-1" LaunchTime="1673893783">
  <File Type="PWROPT-DRC" Name="Top_LogicGates_drc_pwropted.rpt"/>
  <File Type="OPT-METHODOLOGY-DRC" Name="Top_LogicGates_methodology_drc_opted.rpt"/>
  <File Type="INIT-TIMING" Name="Top_LogicGates_timing_summary_init.rpt"/>
  <File Type="ROUTE-PWR-RPX" Name="Top_LogicGates_power_routed.rpx"/>
  <File Type="PA-TCL" Name="Top_LogicGates.tcl"/>
  <File Type="OPT-HWDEF" Name="Top_LogicGates.hwdef"/>
  <File Type="RDI-RDI" Name="Top_LogicGates.vdi"/>
  <File Type="OPT-DCP" Name="Top_LogicGates_opt.dcp"/>
  <File Type="OPT-DRC" Name="Top_LogicGates_drc_opted.rpt"/>
  <File Type="OPT-TIMING" Name="Top_LogicGates_timing_summary_opted.rpt"/>
  <File Type="PWROPT-DCP" Name="Top_LogicGates_pwropt.dcp"/>
  <File Type="PWROPT-TIMING" Name="Top_LogicGates_timing_summary_pwropted.rpt"/>
  <File Type="PLACE-DCP" Name="Top_LogicGates_placed.dcp"/>
  <File Type="PLACE-IO" Name="Top_LogicGates_io_placed.rpt"/>
  <File Type="PLACE-CLK" Name="Top_LogicGates_clock_utilization_placed.rpt"/>
  <File Type="PLACE-UTIL" Name="Top_LogicGates_utilization_placed.rpt"/>
  <File Type="PLACE-UTIL-PB" Name="Top_LogicGates_utilization_placed.pb"/>
  <File Type="PLACE-CTRL" Name="Top_LogicGates_control_sets_placed.rpt"/>
  <File Type="PLACE-SIMILARITY" Name="Top_LogicGates_incremental_reuse_placed.rpt"/>
  <File Type="PLACE-PRE-SIMILARITY" Name="Top_LogicGates_incremental_reuse_pre_placed.rpt"/>
  <File Type="PLACE-TIMING" Name="Top_LogicGates_timing_summary_placed.rpt"/>
  <File Type="POSTPLACE-PWROPT-DCP" Name="Top_LogicGates_postplace_pwropt.dcp"/>
  <File Type="POSTPLACE-PWROPT-TIMING" Name="Top_LogicGates_timing_summary_postplace_pwropted.rpt"/>
  <File Type="PHYSOPT-DCP" Name="Top_LogicGates_physopt.dcp"/>
  <File Type="PHYSOPT-DRC" Name="Top_LogicGates_drc_physopted.rpt"/>
  <File Type="PHYSOPT-TIMING" Name="Top_LogicGates_timing_summary_physopted.rpt"/>
  <File Type="ROUTE-ERROR-DCP" Name="Top_LogicGates_routed_error.dcp"/>
  <File Type="ROUTE-DCP" Name="Top_LogicGates_routed.dcp"/>
  <File Type="ROUTE-BLACKBOX-DCP" Name="Top_LogicGates_routed_bb.dcp"/>
  <File Type="ROUTE-DRC" Name="Top_LogicGates_drc_routed.rpt"/>
  <File Type="ROUTE-DRC-PB" Name="Top_LogicGates_drc_routed.pb"/>
  <File Type="BG-BIN" Name="Top_LogicGates.bin"/>
  <File Type="ROUTE-DRC-RPX" Name="Top_LogicGates_drc_routed.rpx"/>
  <File Type="BG-DRC" Name="Top_LogicGates.drc"/>
  <File Type="ROUTE-METHODOLOGY-DRC" Name="Top_LogicGates_methodology_drc_routed.rpt"/>
  <File Type="BITSTR-MSK" Name="Top_LogicGates.msk"/>
  <File Type="ROUTE-METHODOLOGY-DRC-RPX" Name="Top_LogicGates_methodology_drc_routed.rpx"/>
  <File Type="BG-BGN" Name="Top_LogicGates.bgn"/>
  <File Type="ROUTE-METHODOLOGY-DRC-PB" Name="Top_LogicGates_methodology_drc_routed.pb"/>
  <File Type="ROUTE-PWR" Name="Top_LogicGates_power_routed.rpt"/>
  <File Type="ROUTE-PWR-SUM" Name="Top_LogicGates_power_summary_routed.pb"/>
  <File Type="ROUTE-STATUS" Name="Top_LogicGates_route_status.rpt"/>
  <File Type="ROUTE-STATUS-PB" Name="Top_LogicGates_route_status.pb"/>
  <File Type="ROUTE-TIMINGSUMMARY" Name="Top_LogicGates_timing_summary_routed.rpt"/>
  <File Type="ROUTE-TIMING-PB" Name="Top_LogicGates_timing_summary_routed.pb"/>
  <File Type="ROUTE-TIMING-RPX" Name="Top_LogicGates_timing_summary_routed.rpx"/>
  <File Type="ROUTE-SIMILARITY" Name="Top_LogicGates_incremental_reuse_routed.rpt"/>
  <File Type="ROUTE-CLK" Name="Top_LogicGates_clock_utilization_routed.rpt"/>
  <File Type="POSTROUTE-PHYSOPT-DCP" Name="Top_LogicGates_postroute_physopt.dcp"/>
  <File Type="POSTROUTE-PHYSOPT-BLACKBOX-DCP" Name="Top_LogicGates_postroute_physopt_bb.dcp"/>
  <File Type="POSTROUTE-PHYSOPT-TIMING" Name="Top_LogicGates_timing_summary_postroute_physopted.rpt"/>
  <File Type="POSTROUTE-PHYSOPT-TIMING-PB" Name="Top_LogicGates_timing_summary_postroute_physopted.pb"/>
  <File Type="POSTROUTE-PHYSOPT-TIMING-RPX" Name="Top_LogicGates_timing_summary_postroute_physopted.rpx"/>
  <File Type="BG-BIT" Name="Top_LogicGates.bit"/>
  <File Type="BITSTR-RBT" Name="Top_LogicGates.rbt"/>
  <File Type="BITSTR-NKY" Name="Top_LogicGates.nky"/>
  <File Type="BITSTR-BMM" Name="Top_LogicGates_bd.bmm"/>
  <File Type="BITSTR-MMI" Name="Top_LogicGates.mmi"/>
  <File Type="BITSTR-SYSDEF" Name="Top_LogicGates.sysdef"/>
  <File Type="WBT-USG" Name="usage_statistics_webtalk.html"/>
  <FileSet Name="sources" Type="DesignSrcs" RelSrcDir="$PSRCDIR/sources_1">
    <Filter Type="Srcs"/>
    <File Path="$PPRDIR/LogicGates.vhd">
      <FileInfo>
        <Attr Name="UsedIn" Val="synthesis"/>
        <Attr Name="UsedIn" Val="simulation"/>
      </FileInfo>
    </File>
    <File Path="$PSRCDIR/sources_1/new/Top_LogicGates.vhd">
      <FileInfo>
        <Attr Name="UsedIn" Val="synthesis"/>
        <Attr Name="UsedIn" Val="simulation"/>
      </FileInfo>
    </File>
    <Config>
      <Option Name="DesignMode" Val="RTL"/>
      <Option Name="TopModule" Val="Top_LogicGates"/>
    </Config>
  </FileSet>
  <FileSet Name="constrs_in" Type="Constrs" RelSrcDir="$PSRCDIR/constrs_1">
    <Filter Type="Constrs"/>
    <File Path="$PSRCDIR/constrs_1/new/Zybo_board_IO_mapping.xdc">
      <FileInfo>
        <Attr Name="UsedIn" Val="synthesis"/>
        <Attr Name="UsedIn" Val="implementation"/>
      </FileInfo>
    </File>
    <Config>
      <Option Name="ConstrsType" Val="XDC"/>
    </Config>
  </FileSet>
  <Strategy Version="1" Minor="2">
    <StratHandle Name="Vivado Implementation Defaults" Flow="Vivado Implementation 2016">
      <Desc>Default settings for Implementation.</Desc>
    </StratHandle>
    <Step Id="init_design"/>
    <Step Id="opt_design"/>
    <Step Id="power_opt_design"/>
    <Step Id="place_design"/>
    <Step Id="post_place_power_opt_design"/>
    <Step Id="phys_opt_design"/>
    <Step Id="route_design"/>
    <Step Id="post_route_phys_opt_design"/>
    <Step Id="write_bitstream"/>
  </Strategy>
</GenRun>
