<?xml version="1.0" encoding="UTF-8"?>
<GenRun Id="impl_1" LaunchPart="xc7z010clg400-1" LaunchTime="1676309833">
  <File Type="ROUTE-PWR" Name="Top_Multiplier_power_routed.rpt"/>
  <File Type="PA-TCL" Name="Top_Multiplier.tcl"/>
  <File Type="BITSTR-MMI" Name="Top_Multiplier.mmi"/>
  <File Type="OPT-METHODOLOGY-DRC" Name="Top_Multiplier_methodology_drc_opted.rpt"/>
  <File Type="INIT-TIMING" Name="Top_Multiplier_timing_summary_init.rpt"/>
  <File Type="ROUTE-PWR-SUM" Name="Top_Multiplier_power_summary_routed.pb"/>
  <File Type="REPORTS-TCL" Name="Top_Multiplier_reports.tcl"/>
  <File Type="OPT-TIMING" Name="Top_Multiplier_timing_summary_opted.rpt"/>
  <File Type="OPT-DCP" Name="Top_Multiplier_opt.dcp"/>
  <File Type="OPT-DRC" Name="Top_Multiplier_drc_opted.rpt"/>
  <File Type="OPT-HWDEF" Name="Top_Multiplier.hwdef"/>
  <File Type="PWROPT-DCP" Name="Top_Multiplier_pwropt.dcp"/>
  <File Type="PWROPT-DRC" Name="Top_Multiplier_drc_pwropted.rpt"/>
  <File Type="PWROPT-TIMING" Name="Top_Multiplier_timing_summary_pwropted.rpt"/>
  <File Type="PLACE-DCP" Name="Top_Multiplier_placed.dcp"/>
  <File Type="PLACE-IO" Name="Top_Multiplier_io_placed.rpt"/>
  <File Type="PLACE-CLK" Name="Top_Multiplier_clock_utilization_placed.rpt"/>
  <File Type="PLACE-UTIL" Name="Top_Multiplier_utilization_placed.rpt"/>
  <File Type="PLACE-UTIL-PB" Name="Top_Multiplier_utilization_placed.pb"/>
  <File Type="PLACE-CTRL" Name="Top_Multiplier_control_sets_placed.rpt"/>
  <File Type="PLACE-SIMILARITY" Name="Top_Multiplier_incremental_reuse_placed.rpt"/>
  <File Type="PLACE-PRE-SIMILARITY" Name="Top_Multiplier_incremental_reuse_pre_placed.rpt"/>
  <File Type="BG-BIN" Name="Top_Multiplier.bin"/>
  <File Type="PLACE-TIMING" Name="Top_Multiplier_timing_summary_placed.rpt"/>
  <File Type="POSTPLACE-PWROPT-DCP" Name="Top_Multiplier_postplace_pwropt.dcp"/>
  <File Type="BITSTR-MSK" Name="Top_Multiplier.msk"/>
  <File Type="POSTPLACE-PWROPT-TIMING" Name="Top_Multiplier_timing_summary_postplace_pwropted.rpt"/>
  <File Type="PHYSOPT-DCP" Name="Top_Multiplier_physopt.dcp"/>
  <File Type="PHYSOPT-DRC" Name="Top_Multiplier_drc_physopted.rpt"/>
  <File Type="BITSTR-RBT" Name="Top_Multiplier.rbt"/>
  <File Type="PHYSOPT-TIMING" Name="Top_Multiplier_timing_summary_physopted.rpt"/>
  <File Type="ROUTE-ERROR-DCP" Name="Top_Multiplier_routed_error.dcp"/>
  <File Type="ROUTE-DCP" Name="Top_Multiplier_routed.dcp"/>
  <File Type="ROUTE-BLACKBOX-DCP" Name="Top_Multiplier_routed_bb.dcp"/>
  <File Type="ROUTE-DRC" Name="Top_Multiplier_drc_routed.rpt"/>
  <File Type="ROUTE-DRC-PB" Name="Top_Multiplier_drc_routed.pb"/>
  <File Type="ROUTE-DRC-RPX" Name="Top_Multiplier_drc_routed.rpx"/>
  <File Type="ROUTE-METHODOLOGY-DRC" Name="Top_Multiplier_methodology_drc_routed.rpt"/>
  <File Type="ROUTE-METHODOLOGY-DRC-RPX" Name="Top_Multiplier_methodology_drc_routed.rpx"/>
  <File Type="ROUTE-METHODOLOGY-DRC-PB" Name="Top_Multiplier_methodology_drc_routed.pb"/>
  <File Type="ROUTE-PWR-RPX" Name="Top_Multiplier_power_routed.rpx"/>
  <File Type="ROUTE-STATUS" Name="Top_Multiplier_route_status.rpt"/>
  <File Type="ROUTE-STATUS-PB" Name="Top_Multiplier_route_status.pb"/>
  <File Type="ROUTE-TIMINGSUMMARY" Name="Top_Multiplier_timing_summary_routed.rpt"/>
  <File Type="ROUTE-TIMING-PB" Name="Top_Multiplier_timing_summary_routed.pb"/>
  <File Type="ROUTE-TIMING-RPX" Name="Top_Multiplier_timing_summary_routed.rpx"/>
  <File Type="ROUTE-SIMILARITY" Name="Top_Multiplier_incremental_reuse_routed.rpt"/>
  <File Type="ROUTE-CLK" Name="Top_Multiplier_clock_utilization_routed.rpt"/>
  <File Type="ROUTE-BUS-SKEW" Name="Top_Multiplier_bus_skew_routed.rpt"/>
  <File Type="ROUTE-BUS-SKEW-PB" Name="Top_Multiplier_bus_skew_routed.pb"/>
  <File Type="ROUTE-BUS-SKEW-RPX" Name="Top_Multiplier_bus_skew_routed.rpx"/>
  <File Type="POSTROUTE-PHYSOPT-DCP" Name="Top_Multiplier_postroute_physopt.dcp"/>
  <File Type="POSTROUTE-PHYSOPT-BLACKBOX-DCP" Name="Top_Multiplier_postroute_physopt_bb.dcp"/>
  <File Type="POSTROUTE-PHYSOPT-TIMING" Name="Top_Multiplier_timing_summary_postroute_physopted.rpt"/>
  <File Type="POSTROUTE-PHYSOPT-TIMING-PB" Name="Top_Multiplier_timing_summary_postroute_physopted.pb"/>
  <File Type="POSTROUTE-PHYSOPT-TIMING-RPX" Name="Top_Multiplier_timing_summary_postroute_physopted.rpx"/>
  <File Type="POSTROUTE-PHYSOPT-BUS-SKEW" Name="Top_Multiplier_bus_skew_postroute_physopted.rpt"/>
  <File Type="BG-BIT" Name="Top_Multiplier.bit"/>
  <File Type="POSTROUTE-PHYSOPT-BUS-SKEW-PB" Name="Top_Multiplier_bus_skew_postroute_physopted.pb"/>
  <File Type="POSTROUTE-PHYSOPT-BUS-SKEW-RPX" Name="Top_Multiplier_bus_skew_postroute_physopted.rpx"/>
  <File Type="BITSTR-NKY" Name="Top_Multiplier.nky"/>
  <File Type="BITSTR-BMM" Name="Top_Multiplier_bd.bmm"/>
  <File Type="PDI-FILE" Name="Top_Multiplier.pdi"/>
  <File Type="RCFI_FILE" Name="Top_Multiplier.rcfi"/>
  <File Type="CFI_FILE" Name="Top_Multiplier.cfi"/>
  <File Type="RNPI_FILE" Name="Top_Multiplier.rnpi"/>
  <File Type="NPI_FILE" Name="Top_Multiplier.npi"/>
  <File Type="RBD_FILE" Name="Top_Multiplier.rbd"/>
  <File Type="BITSTR-LTX" Name="debug_nets.ltx"/>
  <File Type="BITSTR-LTX" Name="Top_Multiplier.ltx"/>
  <File Type="BITSTR-SYSDEF" Name="Top_Multiplier.sysdef"/>
  <File Type="BG-BGN" Name="Top_Multiplier.bgn"/>
  <File Type="BG-DRC" Name="Top_Multiplier.drc"/>
  <File Type="RDI-RDI" Name="Top_Multiplier.vdi"/>
  <File Type="WBT-USG" Name="usage_statistics_webtalk.html"/>
  <File Type="ROUTE-RQS" Name="Top_Multiplier_routed.rqs"/>
  <File Type="POSTROUTE-PHYSOPT-RQS" Name="Top_Multiplier_postroute_physopted.rqs"/>
  <File Type="ROUTE-RQS-RPT" Name="route_report_qor_suggestions_0.rpt"/>
  <File Type="POSTROUTE-PHYSOPT-RQS-RPT" Name="postroute_physopt_report_qor_suggestions_0.rpt"/>
  <FileSet Name="sources" Type="DesignSrcs" RelSrcDir="$PSRCDIR/sources_1" RelGenDir="$PGENDIR/sources_1">
    <Filter Type="Srcs"/>
    <File Path="$PSRCDIR/sources_1/new/HalfAdder.vhd">
      <FileInfo>
        <Attr Name="UsedIn" Val="synthesis"/>
        <Attr Name="UsedIn" Val="simulation"/>
      </FileInfo>
    </File>
    <File Path="$PSRCDIR/sources_1/new/Multiplier.vhd">
      <FileInfo>
        <Attr Name="UsedIn" Val="synthesis"/>
        <Attr Name="UsedIn" Val="simulation"/>
      </FileInfo>
    </File>
    <File Path="$PSRCDIR/sources_1/new/Top_Multiplier.vhd">
      <FileInfo>
        <Attr Name="UsedIn" Val="synthesis"/>
        <Attr Name="UsedIn" Val="simulation"/>
      </FileInfo>
    </File>
    <Config>
      <Option Name="DesignMode" Val="RTL"/>
      <Option Name="TopModule" Val="Top_Multiplier"/>
    </Config>
  </FileSet>
  <FileSet Name="constrs_in" Type="Constrs" RelSrcDir="$PSRCDIR/constrs_1">
    <Filter Type="Constrs"/>
    <File Path="$PSRCDIR/constrs_1/new/Zybo_constraints.xdc">
      <FileInfo>
        <Attr Name="UsedIn" Val="synthesis"/>
        <Attr Name="UsedIn" Val="implementation"/>
      </FileInfo>
    </File>
    <Config>
      <Option Name="ConstrsType" Val="XDC"/>
    </Config>
  </FileSet>
  <FileSet Name="utils" Type="Utils" RelSrcDir="$PSRCDIR/utils_1">
    <Filter Type="Utils"/>
    <File Path="$PSRCDIR/utils_1/imports/synth_1/Top_Multiplier.dcp">
      <FileInfo>
        <Attr Name="UsedIn" Val="synthesis"/>
        <Attr Name="UsedIn" Val="implementation"/>
        <Attr Name="UsedInSteps" Val="synth_1"/>
        <Attr Name="AutoDcp" Val="1"/>
      </FileInfo>
    </File>
    <Config>
      <Option Name="TopAutoSet" Val="TRUE"/>
    </Config>
  </FileSet>
  <Strategy Version="1" Minor="2">
    <StratHandle Name="Vivado Implementation Defaults" Flow="Vivado Implementation 2022">
      <Desc>Default settings for Implementation.</Desc>
    </StratHandle>
    <Step Id="init_design"/>
    <Step Id="opt_design"/>
    <Step Id="power_opt_design"/>
    <Step Id="place_design"/>
    <Step Id="post_place_power_opt_design"/>
    <Step Id="phys_opt_design"/>
    <Step Id="route_design"/>
    <Step Id="post_route_phys_opt_design"/>
    <Step Id="write_bitstream"/>
  </Strategy>
</GenRun>
