<?xml version="1.0" encoding="UTF-8"?>
<GenRun Id="impl_1" LaunchPart="xc7z010clg400-1" LaunchTime="1676314181">
  <File Type="ROUTE-PWR" Name="Top_Adder_power_routed.rpt"/>
  <File Type="PA-TCL" Name="Top_Adder.tcl"/>
  <File Type="ROUTE-PWR-SUM" Name="Top_Adder_power_summary_routed.pb"/>
  <File Type="REPORTS-TCL" Name="Top_Adder_reports.tcl"/>
  <File Type="BITSTR-MSK" Name="Top_Adder.msk"/>
  <File Type="ROUTE-CLK" Name="Top_Adder_clock_utilization_routed.rpt"/>
  <File Type="RDI-RDI" Name="Top_Adder.vdi"/>
  <File Type="BG-BIT" Name="Top_Adder.bit"/>
  <File Type="BG-DRC" Name="Top_Adder.drc"/>
  <File Type="BG-BGN" Name="Top_Adder.bgn"/>
  <File Type="BG-BIN" Name="Top_Adder.bin"/>
  <File Type="BITSTR-RBT" Name="Top_Adder.rbt"/>
  <File Type="BITSTR-NKY" Name="Top_Adder.nky"/>
  <File Type="BITSTR-BMM" Name="Top_Adder_bd.bmm"/>
  <File Type="BITSTR-MMI" Name="Top_Adder.mmi"/>
  <File Type="ROUTE-METHODOLOGY-DRC" Name="Top_Adder_methodology_drc_routed.rpt"/>
  <File Type="BITSTR-SYSDEF" Name="Top_Adder.sysdef"/>
  <File Type="BITSTR-LTX" Name="debug_nets.ltx"/>
  <File Type="BITSTR-LTX" Name="Top_Adder.ltx"/>
  <File Type="WBT-USG" Name="usage_statistics_webtalk.html"/>
  <File Type="OPT-DRC" Name="Top_Adder_drc_opted.rpt"/>
  <File Type="OPT-HWDEF" Name="Top_Adder.hwdef"/>
  <File Type="PLACE-IO" Name="Top_Adder_io_placed.rpt"/>
  <File Type="PLACE-UTIL" Name="Top_Adder_utilization_placed.rpt"/>
  <File Type="PLACE-UTIL-PB" Name="Top_Adder_utilization_placed.pb"/>
  <File Type="PLACE-CTRL" Name="Top_Adder_control_sets_placed.rpt"/>
  <File Type="PLACE-PRE-SIMILARITY" Name="Top_Adder_incremental_reuse_pre_placed.rpt"/>
  <File Type="ROUTE-DRC" Name="Top_Adder_drc_routed.rpt"/>
  <File Type="ROUTE-DRC-PB" Name="Top_Adder_drc_routed.pb"/>
  <File Type="ROUTE-PWR-RPX" Name="Top_Adder_power_routed.rpx"/>
  <File Type="ROUTE-STATUS" Name="Top_Adder_route_status.rpt"/>
  <File Type="ROUTE-STATUS-PB" Name="Top_Adder_route_status.pb"/>
  <File Type="ROUTE-DCP" Name="Top_Adder_routed.dcp"/>
  <File Type="ROUTE-ERROR-DCP" Name="Top_Adder_routed_error.dcp"/>
  <File Type="ROUTE-BLACKBOX-DCP" Name="Top_Adder_routed_bb.dcp"/>
  <File Type="ROUTE-TIMINGSUMMARY" Name="Top_Adder_timing_summary_routed.rpt"/>
  <File Type="ROUTE-TIMING-PB" Name="Top_Adder_timing_summary_routed.pb"/>
  <File Type="ROUTE-TIMING-RPX" Name="Top_Adder_timing_summary_routed.rpx"/>
  <File Type="ROUTE-BUS-SKEW" Name="Top_Adder_bus_skew_routed.rpt"/>
  <File Type="ROUTE-BUS-SKEW-PB" Name="Top_Adder_bus_skew_routed.pb"/>
  <File Type="ROUTE-BUS-SKEW-RPX" Name="Top_Adder_bus_skew_routed.rpx"/>
  <File Type="OPT-DCP" Name="Top_Adder_opt.dcp"/>
  <File Type="PLACE-DCP" Name="Top_Adder_placed.dcp"/>
  <File Type="PWROPT-DCP" Name="Top_Adder_pwropt.dcp"/>
  <File Type="POSTPLACE-PWROPT-DCP" Name="Top_Adder_postplace_pwropt.dcp"/>
  <File Type="PHYSOPT-DCP" Name="Top_Adder_physopt.dcp"/>
  <File Type="POSTROUTE-PHYSOPT-DCP" Name="Top_Adder_postroute_physopt.dcp"/>
  <File Type="POSTROUTE-PHYSOPT-BLACKBOX-DCP" Name="Top_Adder_postroute_physopt_bb.dcp"/>
  <File Type="ROUTE-METHODOLOGY-DRC-PB" Name="Top_Adder_methodology_drc_routed.pb"/>
  <File Type="ROUTE-DRC-RPX" Name="Top_Adder_drc_routed.rpx"/>
  <File Type="ROUTE-METHODOLOGY-DRC-RPX" Name="Top_Adder_methodology_drc_routed.rpx"/>
  <File Type="PDI-FILE" Name="Top_Adder.pdi"/>
  <File Type="RCFI_FILE" Name="Top_Adder.rcfi"/>
  <File Type="CFI_FILE" Name="Top_Adder.cfi"/>
  <File Type="RNPI_FILE" Name="Top_Adder.rnpi"/>
  <File Type="NPI_FILE" Name="Top_Adder.npi"/>
  <File Type="RBD_FILE" Name="Top_Adder.rbd"/>
  <File Type="ROUTE-RQS" Name="Top_Adder_routed.rqs"/>
  <File Type="POSTROUTE-PHYSOPT-RQS" Name="Top_Adder_postroute_physopted.rqs"/>
  <File Type="ROUTE-RQS-RPT" Name="route_report_qor_suggestions_0.rpt"/>
  <File Type="POSTROUTE-PHYSOPT-RQS-RPT" Name="postroute_physopt_report_qor_suggestions_0.rpt"/>
  <FileSet Name="sources" Type="DesignSrcs" RelSrcDir="$PSRCDIR/sources_1" RelGenDir="$PGENDIR/sources_1">
    <Filter Type="Srcs"/>
    <File Path="$PSRCDIR/sources_1/new/Adder.vhd">
      <FileInfo>
        <Attr Name="UsedIn" Val="synthesis"/>
        <Attr Name="UsedIn" Val="simulation"/>
      </FileInfo>
    </File>
    <File Path="$PSRCDIR/sources_1/new/FullAdder.vhd">
      <FileInfo>
        <Attr Name="UsedIn" Val="synthesis"/>
        <Attr Name="UsedIn" Val="simulation"/>
      </FileInfo>
    </File>
    <File Path="$PSRCDIR/sources_1/new/Top_Adder.vhd">
      <FileInfo>
        <Attr Name="UsedIn" Val="synthesis"/>
        <Attr Name="UsedIn" Val="simulation"/>
      </FileInfo>
    </File>
    <Config>
      <Option Name="DesignMode" Val="RTL"/>
      <Option Name="TopModule" Val="Top_Adder"/>
      <Option Name="TopAutoSet" Val="TRUE"/>
    </Config>
  </FileSet>
  <FileSet Name="constrs_in" Type="Constrs" RelSrcDir="$PSRCDIR/constrs_1">
    <Filter Type="Constrs"/>
    <File Path="$PSRCDIR/constrs_1/new/Zybo_constraints.xdc">
      <FileInfo>
        <Attr Name="UsedIn" Val="synthesis"/>
        <Attr Name="UsedIn" Val="implementation"/>
      </FileInfo>
    </File>
    <Config>
      <Option Name="ConstrsType" Val="XDC"/>
    </Config>
  </FileSet>
  <FileSet Name="utils" Type="Utils" RelSrcDir="$PSRCDIR/utils_1">
    <Filter Type="Utils"/>
    <File Path="$PSRCDIR/utils_1/imports/synth_1/Adder.dcp">
      <FileInfo>
        <Attr Name="UsedIn" Val="synthesis"/>
        <Attr Name="UsedIn" Val="implementation"/>
        <Attr Name="UsedInSteps" Val="synth_1"/>
        <Attr Name="AutoDcp" Val="1"/>
      </FileInfo>
    </File>
    <Config>
      <Option Name="TopAutoSet" Val="TRUE"/>
    </Config>
  </FileSet>
  <Strategy Version="1" Minor="2">
    <StratHandle Name="Vivado Implementation Defaults" Flow="Vivado Implementation 2022"/>
    <Step Id="init_design"/>
    <Step Id="opt_design"/>
    <Step Id="power_opt_design"/>
    <Step Id="place_design"/>
    <Step Id="post_place_power_opt_design"/>
    <Step Id="phys_opt_design"/>
    <Step Id="route_design"/>
    <Step Id="post_route_phys_opt_design"/>
    <Step Id="write_bitstream"/>
    <Step Id="write_device_image"/>
  </Strategy>
</GenRun>
